{
  "bd4ef8f5": {
    "timetable": {
      "Monday-1": {
        "subject": "Mathematics",
        "type": "lecture",
        "room": "Room 101",
        "batch": "CS-A"
      },
      "Monday-2": {
        "subject": "Physics",
        "type": "lecture",
        "room": "Room 102",
        "batch": "CS-A"
      },
      "Monday-3": {
        "subject": "Chemistry",
        "type": "lecture",
        "room": "Room 103",
        "batch": "CS-A"
      },
      "Monday-4": {
        "subject": "Programming Lab",
        "type": "lab",
        "room": "Lab 1",
        "batch": "CS-A"
      },
      "Tuesday-1": {
        "subject": "Data Structures",
        "type": "lecture",
        "room": "Room 104",
        "batch": "CS-A"
      },
      "Tuesday-2": {
        "subject": "Mathematics Tutorial",
        "type": "tutorial",
        "room": "Room 101",
        "batch": "CS-A"
      },
      "Wednesday-1": {
        "subject": "Physics Lab",
        "type": "lab",
        "room": "Lab 2",
        "batch": "CS-A"
      },
      "Wednesday-2": {
        "subject": "Physics Lab",
        "type": "lab",
        "room": "Lab 2",
        "batch": "CS-A"
      },
      "Thursday-1": {
        "subject": "Workshop",
        "type": "lab",
        "room": "Workshop",
        "batch": "CS-A"
      },
      "Friday-1": {
        "subject": "Elective 1",
        "type": "lecture",
        "room": "Room 105",
        "batch": "CS-A"
      },
      "Friday-2": {
        "subject": "Elective 2",
        "type": "lecture",
        "room": "Room 106",
        "batch": "CS-A"
      },
      "Saturday-1": {
        "subject": "Project Guidance",
        "type": "project",
        "room": "Room 107",
        "batch": "CS-A"
      }
    },
    "last_updated": "2025-12-23T19:35:09.654952",
    "faculty_id": "bd4ef8f5",
    "faculty_name": "Faculty"
  }
}